name,url,number,category,position,person_name
Y Combinator,http://www.ycombinator.com, +1 617 576 0605,Board,CEO,Garry Tan
Yaamava' Resort and Casino,http://yaamava.com, +1 800 359 2464,Board,General Manager,Kenji Hall
Y-mAbs Therapeutics,http://www.ymabs.com, +1 646 885 8505,Board,CEO & Director,Michael Rossi
Y Media Labs,http://ymedialabs.com, +1 415 839 8584,Board,CEO,Ashish Toshniwal
Y's table,http://www.ystable.co.jp, +81 354 120 065,Board,Chairman & CEO,Seizaburo Kanayama
Yadea,http://yadea.com, +86 510 8810 0267,Board,CEO & Vice Chairman,Jinghong Qian
Yaana,http://www.yaanatech.com, +1 408 719 9000,Board,CEO & Founder,Raj Puri
Yacht Management,http://www.yachtmauritius.com, +230 483 7748,Board,Managing Director,Bertrand Hardy
Yac,http://www.yac.co.jp, +81 425 461 161,Board,CEO,Takefumi Momose
Yageo,http://www.yageo.com, +886 266 299 999,Board,CEO & Director,David Wang
Yager Development,http://yager.de, +49 30695976-60,Board,Managing Director,Timo Ullmann
Yagi,http://www.yaginet.co.jp, +81 662 667 300,Board,CEO,Takao Yagi
YahLive,http://www.yahlive.com, +971 2510 0000,Board,Director,Mounir Barakat
Yahoo,http://www.yahooinc.com, +1 408 349 3300,Board,CEO,Jim Lanzone
Yahagi Construction,http://www.yahagi.co.jp, +81 529 352 351,Board,President,Mitsuhiro Takayanagi
Yaizu Suisankagaku Industry,http://www.yskf.jp, +81 352 040 361,Board,President,Jun Yamada
Yahoo! France,http://www.yahoo.fr, +33 170 912 000,Board,Chairman of the Board,Reed Rayman
Yahsat,http://www.yahsat.com, +971 2510 0000,Board,CEO,Ali Al Hashemi
Yahoo LATAM,http://enterprise.verizon.com/terms/latam/, +55 199 9111 7321,N1,Finance Control,A...
Yakult Danone India,http://www.yakult.co.in/tomoyuki-iwama.php, +91 11 40626299,Board,Managing Director,Hiroshi Hamada
Yakult Europe,http://yakulteurope.com, +31 365 211 300,Board,Managing Director,Hiroyasu Matsubara
Yakult Honsha,http://www.yakult.co.jp, +81 335 748 960,Board,President,Hiroshi Narita
Yakult Mexico,http://yakult.com.mx, +52 555 272 8157,Board,President,Carlos Kasuga Osaka
Yakult UK,http://www.yakult.co.uk, +44 208 842 7600,Board,Managing Director,Hiroyasu Matsubara
Yakult Germany,http://yakult.de, +49 21 31  34 1,Board,Managing Director,Volker Baltes
Yaletown,http://www.yaletown.com, +1 604 688 7807,Board,Managing Partner,Salil Munjal
Yalco,http://www.yalco.gr, +30 2 106299999,Board,CEO,Socrates Constantinou
Yalo,http://www.yalo.com, +1 556 678 0769,Board,CEO,Javier Mata
Yakuodo Holdings,http://www.yakuodo-hd.co.jp, +81 196 972 615,Board,President,Tatsuhiro Saigo
Yalla Group,http://www.yallatech.ae, +971 4587 7388,Board,Chairman & CEO,Tao Yang
Yamada,http://www.yamadacorp.co.jp, +81 337 775 101,Board,President,Shotaro Yamada
Yamabiko,http://www.yamabiko-corp.co.jp, +81 428 326 111,Board,CEO & Chairman,Hiroshi Kubo
Yamada Consulting Group,http://yamada-cg.co.jp, +81 3-6212-2500,Board,President,Keisaku Masuda
Yamae Group Holdings,http://www.yamaegroup-hd.co.jp, +81 924 740 711,Board,CEO & Chairman,Hideto Ouda
Yamada Denki,http://www.yamada-denki.jp, +81 570 078 181,Board,CEO & Chairman,Noboru Yamada
Yamagata Bank,http://www.yamagatabank.co.jp, +81 236 231 221,Board,President,Eiji Sato
Yamae Hisano,http://www.yamaehisano.com, +81 924 740 711,Board,CEO & Chairman,Hideto Oda
Yamaha Corporation of America,http://www.usa.yamaha.com, +1 714 522 9011,Board,President,Tom Sumner
Yamaha,http://www.yamaha.co.jp, +81 534 602 158,Board,President & Director,Atsushi Yamaura
Yamaguchi Financial,http://www.ymfg.co.jp, +81 832 235 511,Board,CEO & Director,Keisuke Mukunashi
Yamaha Guitar Group,http://yamahaguitargroup.com, +1 818 575 3600,Board,President,Joe Bentivegna
Yamaha Motor Europe,http://www.yamaha-motor.eu, +31 206 546 000,Board,CEO,Olivier Prevost
Yamaha Motor India,http://www.yamaha-motor-india.com, +91 989 924 2295,Board,Chairman of the Board,Eishin Chihana
Yamaha Motor,http://global.yamaha-motor.com, +81 538 329 905,Board,CEO & Director,Yoshihiro Hidaka
Yamaha Motor Robotics,http://www.ymrh.co.jp, +81 425 601 231,Board,President & Director,Ryosuke Nakamura
Yamaha Unified Communications,http://europe.yamaha.com/en/products/unified_communications/index.html, +1 978 610 4040,Board,CEO,Sotaro Nishida
Yamaha Motor USA,http://yamaha-motor.com, +1 714 761 7300,Board,CEO,Michael Chrzanowski
Yamamah Cement,http://www.yamamacement.com, +966 114 085 600,Board,CEO,Jehad bin Abdul-Aziz Al-...
Yamaichi Electronics,http://www.yamaichi.co.jp, +81 337 340 110,Board,President,Junichi Kameya
Yamami Company,http://www.yamami.co.jp, +81 848 863 788,Board,President,Toru Yamana
Yamana Gold,http://www.yamana.com, +1 416 815 0220,Board,Chairman of the Board,Peter Marrone
Yamamoto,http://www.go-yamamoto.com, +1 612 573 6243,Board,CEO,Kathy McCuskey
Yamashin,http://www.yamashin-filter.co.jp, +81 456 801 671,Board,President & Director,Atsuhiko Yamazaki
Yaman,http://www.ya-man.com, +81 356 657 330,Board,President,Kimiyo Yamazaki
Yamanashi Chuo Bank,http://www.yamanashibank.co.jp, +81 552 332 111,Board,President,Yoshiaki Furuya
Yamashita Health Care Holdings,http://www.yamashitaika.co.jp, +81 927 268 200,Board,President,Naoto Yamashita
Yamatane,http://www.yamatane.co.jp, +81 338 201 111,Board,President,Motohiro Yamazaki
Yamato,http://www.yamato-se.co.jp, +81 272 901 800,Board,President & CEO,Yutaka Machida
Yamato Holdings,http://www.yamato-hd.co.jp, +81 335 413 411,Board,President,Yutaka Nagao
Yamato International,http://www.yamatointr.co.jp, +81 662 621 661,Board,President,Tomoki Hannya
Yamato Logistics,http://www.y-logi.com, +81 366 718 700,Board,President,Hiroyoshi Kanai
Yamaya,http://www.yamaya.jp, +81 663 437 881,Board,President,Hideharu Yamauchi
Yamato Kogyo,http://yamatokogyo.co.jp, +81 792 731 061,Board,President,Mikio Kobayashi
Yamaura,http://www.yamaura.co.jp, +81 265 816 010,Board,President,Masaki Yamaura
Yamato Transport,http://www.kuronekoyamato.co.jp, +81 335 413 411,Board,President,Yutaka Nagao
Yamazaki Baking,http://www.yamazakipan.co.jp, +81 338 643 111,Board,President,Nobuhiro Iijima
Yamazawa,http://www.yamazawa.co.jp, +81 236 312 211,Board,President,Toshiaki Furuyama
Yamibuy.com,http://www.yamibuy.com, +1 909 348 0620,Board,CEO,Alex Zhou
Yanacocha,http://www.yanacocha.com.pe, +51 1215 2600,Board,General Manager,Isidro Oyola
Yamazen,http://www.yamazen.co.jp, +81 665 343 021,Board,CEO,Koji Kishida
Yanal Finance,http://yanal.com, +966 1299 7777,Board,CEO,Saad Alkanhal
Yanbal International,http://www.yanbal.com, +51 1501 6141,Board,CEO,Janine Belmont
Yancey Bros,http://yanceybros.com, +1 770 941 2300,Board,President & CEO,Trey Googe
Yanchang Petroleum,http://yanchangpetroleum.com, +852 3528 5228,Board,Chairman of the Board,Yinguo Feng
Yancoal Australia,http://www.yancoal.com.au, +61 285 835 300,Board,CEO,David Moult
Yandex Business Group,http://market.yandex.ru, +7 495 739 7000,Board,CEO,Daniil Shuleyko
Yandex,http://www.yandex.com, +7 495 739 7000,Board,CEO,Artem Savinovsky
Yang Ming Australia,http://www.yangming.com/office_network/office_agent/agent.aspx?MyRegion=OCE&MyCountry=AU%20&CNTRY_NAME=Australia&LocalSite=, +61 386 466 700,Board,Managing Director,Morris Tsai
Yang Ming,http://www.yangming.co.uk, +44 170 877 6900,Board,Managing Director,Michael Chang
Yandex Cloud,http://www.yandex.cloud, +31 202 066 970,Board,CEO,Oleg Koverznev
Yang Ming Marine Transport,http://www.yangming.com, +886 224 559 988,Board,CEO & Chairman,Cheng-Mount Cheng
Yangaroo,http://yangaroo.com, +1 416 534 0607,Board,CEO,Grant Schuetrumpf
Yang Ming Shipping Canada,http://www.yangming.com/office_network/office_agent/agent.aspx?MyRegion=AMN&MyCountry=CA%20&CNTRY_NAME=Canada, +1 604 681 9999,Board,President,Bella Yang
Yangarra Resources,http://www.yangarra.ca, +1 403 262 9558,Board,CEO,James Evaskevich
Yang Ming Singapore,http://www.yangming.com/office_network/office_agent/agent.aspx?MyRegion=ASI&MyCountry=SG%20&CNTRY_NAME=Singapore, +65 6372 4648,Board,Managing Director,Dannis Lee
Yango Group,http://www.yango.com.cn, +86 218 032 8620,Board,President,Guohong Xu
Yangling Metron New Material,http://www.ylmetron.com, +86 298 704 9244,Board,General Manager & Director,Haiying Liu
Yangtze Optical Fibre & Cable,http://en.yofc.com, +86 276 878 9088,Board,President,Zhuang Dan
Yangzijiang Shipbuilding Holdings,http://www.yzjship.com, +86 523 8466 0010,Board,CEO & Chairman,Letian Ren
Yangzhou Yangjie Electronic Technology,http://21yangjie.com, +86 8088 9866,Board,President & Director,Runsheng Chen
Yanlord Land,http://www.yanlordland.com, +65 6336 2922,Board,CEO & Chairman,Sheng Jian Zhong
Yankuang Group Company,http://www.yankuanggroup.cn, +86 537 538 3493,Board,General Manager,Wei Li
Yanmar Construction Equipment,http://www.yanmar.com/global/about/company/construction/about.html, +81 942 535 111,Board,President,Ryu Kudo
Yanolja,http://www.yanolja.com, +82 1644 1346,Board,CEO,Sujin Lee
Yanmar Holdings,http://www.yanmar.com, +81 676 369 909,Board,CEO & Chairman,Takehito Yamaoka
Yantai Changyu Pioneer Wine,http://www.changyu.com.cn, +86 535 663 3656,Board,General Manager,Jian Sun
Yansab,http://www.yansab.com.sa, +966 143 259 000,Board,CEO,Wazen Al-Solami
Yantai International Container Terminals,http://www.ictsiyantai.com, +86 535 674 0866,Board,General Manager,Apollo Zhou
Yantai Jereh Oilfield Services,http://jereh.com, +86 535 676 6386,Board,President,Zhiyong Li
Yantai Eddie Precision Machinery,http://cceddie.net, +86 535 6392 9268,Board,Chairman & General Manager,Song Fei
Yantai Taihai Manoir Nuclear Equipment,http://www.ytthm.com, +86 535 372 5997,Board,General Manager,Luyou Sun
Yantai Tayho Advanced Materials,http://en.tayho.com.cn, +86 535 693 9635,Board,General Manager,Haiping Chi
Yantai North Andre Juice,http://www.andre.com.cn, +86 535 421 8988,Board,President,Kun Wang
Yanzhou Coal Mining,http://www.yanzhoucoal.com.cn, +86 537 538 2319,Board,General Manager,Yaomeng Xiao
Yantze River Express,http://www.yzr.com.cn, +86 216 175 7800,Board,President,Dong Dawei
Yaoko,http://www.yaoko-net.com, +81 492 467 000,Board,President,Sumito Kawano
Yapi Kredi Bank,http://www.yapikredi.com.tr, +90 212 339 7000,Board,CEO,Gokhan Erun
Yapi Kredi Bank Netherlands,http://www.yapikredi.nl, +31 204 624 444,Board,CEO,Pinar Salci
Yaoshibang,http://www.ysbang.cn, +86 400 922 2115,Board,CEO,Zhang Buzhen
Yapi Kredi Bank Azerbaijan,http://www.yapikredi.com.az, +994 124 977 795,Board,CEO,Cenk Yuksel
Yapı Kredi Invest,http://www.ykyatirim.com.tr, +90 212 319 8000,Board,General Manager,Yılmaz Arisoy
Yapı Kredi Faktoring,http://www.yapikredifaktoring.com.tr, +90 212 371 9999,Board,General Manager,Bozkurt Çöteli
Yapi Merkezi,http://yapimerkezi.com.tr/En/Main-Page, +90 216 321 9000,Board,Chairman,Basar Arioglu
Yapı Kredi Leasing,http://www.ykleasing.com.tr, +90 212 339 9000,Board,General Manager,Fatih Torun
Yapı Kredi Koray,http://www.yapikredikoray.com, +90 212 280 4979,Board,Chairman of the Board,Orhun Kartal
Yapily,http://www.yapily.com, +44 203 289 6393,Board,CEO,Stefano Vaccino
Yapiray,http://www.yapiray.com.tr, +90 216 521 3000,Board,CEO,Volkan Yilmaz
Yapstone,http://www.yapstone.com, +1 415 354 4977,Board,Chairman of the Board,Tom Villante
Yara,http://www.yara.com, +47 2415 7000,Board,CEO,Svein Tore Holsether
Yara France,http://www.yara.fr, +33 155 699 600,Board,President,Nicolas Broutin
Yara Iberia,http://www.yara.es, +34 914 263 500,Board,Managing Director,Elena Montero
Yardi Systems,http://www.yardi.com, +1 805 699 2040,Board,President,Anant Yardi
Yardzen,http://yardzen.com, +1 888 927 3936,Board,CEO,Allison Messner
Yara North America,http://www.yara.us, +1 813 222 5700,Board,President,Geraldo Filho
Yard House,http://yardhouse.com, +1 213 745 9273,Board,President,Michael Kneidinger
Yarra Trams,http://www.yarratrams.com.au, +61 396 193 200,Board,CEO,Carla Purcell
Yarra Capital Management,http://www.yarracm.com, +61 396 791 111,Board,Managing Director,Edward Eason
Yas Plaza Hotels,http://yasplazahotels.com, +971 2656 2000,N1,HR,M...
Yarra Valley Water,http://www.yvw.com.au, +61 398 721 699,Board,Managing Director,Pat McCafferty
Yasa,http://www.yasa.com, +44 186 595 2100,Board,CEO,Juergen Banken
Yasar,http://www.yasar.com.tr, +90 232 482 2200,Board,CEO & Director,Mehmet Aktas
Yash Birla Group,http://www.yashbirlagroup.com, +91 222 284 7835,Board,Chairman of the Board,Yash Birla
Yash Technologies,http://www.yash.com, +1 773 442 0125,Board,CEO,Manoj Baheti
Yashima Denki,http://www.yashimadenki.co.jp, +81 335 073 711,Board,Chairman & President,Akio Ohta
Yash Raj Films,http://www.yashrajfilms.com, +91 223 061 3500,Board,CEO,Akshaye Widhani
Yaskawa,http://www.yaskawa.co.jp, +81 936 458 801,Board,President & Director,Masahiro Ogawa
Yaskawa Europe,http://www.yaskawa.eu.com, +49 619 656 9300,Board,President & Chairman,Marcus Mead
Yasso,http://yasso.com, +1 617 845 5049,Board,CEO,Craig Shiesley
Yasref,http://www.yasref.com, +966 143 981 851,Board,CEO,Hesham Al-Adel
Yassir,http://yassir.com, +213 21 99 99 99,Board,CEO,El Mahdi Yettou
Yasuhara Chemical,http://www.yschem.co.jp, +81 847 453 530,Board,President,Teiji Yasuhara
Yasuda Logistics,http://www.yasuda-soko.co.jp, +81 334 527 311,Board,CEO,Nobuyuki Fujii
Yasunaga,http://www.fine-yasunaga.co.jp, +81 595 242 111,Board,CEO,Akitoshi Yasunaga
Yates Companies,http://www.wgyates.com, +1 205 380 8420,Board,CEO,William Gully Yates
Yatai Group,http://en.yatai.com, +86 431 8495 6688,Board,Chairman & President,Shanglong Song
Yatsen Holding,http://www.yatsenglobal.com, +86 216 039 8363,Board,CEO,Jinfeng Huang
Yattendon Group,http://www.yattendongroup.co.uk, +44 163 520 3929,Board,CEO,Edward Iliffe
Yatra.com,http://yatra.com, +91 124 304 0500,Board,CEO & Director,Dhruv Shringi
Yavor,http://www.yavorad.com, +359 5250 0317,Board,CEO,Miroslav Manolov
Yawal,http://yawal.com, +48 343 528 800,Board,CEO,Karolina Mzyk Callias
Yaylaköy Res Elektrik Üretim,http://www.yaylakoyres.com.tr, +90 232 463 9811,Board,Chairman of the Board,Huseyin Tuncay
Yazaki,http://www.yazaki-group.com, +81 559 653 782,Board,President & Director,Riku Yazaki
Yazaki Europe,http://www.yazaki-europe.com, +44 144 229 2400,Board,CEO,Hans Lemmens
Yduqs,http://www.yduqs.com.br, +55 213 311 9700,Board,CEO,Eduardo Menezes
Yazaki North America,http://www.yazaki-na.com, +1 734 983 1000,Board,CEO,Ryosuke Yazaki
Yeahka,http://www.yeahka.com, +86 755 2633 9288,Board,Chairman & CEO,Yingqi Liu
Ye Digital,http://www.ye-digital.com/en/, +81 936 226 111,Board,President,Yuji Tamai
Yeans Halle,http://www.yeanshalle.de, +49 703 141 0770,Board,Managing Director,Horst Muehlberger
Yealink,http://www.yealink.com, +86 592 570 2000,Board,General Manager,Liannchang Zhang
Yeah1 Group,http://yeah1group.com, +84 287 300 6071,Board,CEO,Dao Phuc Tri
Yeboyethu,http://www.yeboyethu.co.za/index.php, +27 11 581 7850,Board,Chairman of the Board,Zarina Bassa
Yell,http://business.yell.com, +44 800 777 445,Board,Co-CEO,Luke Taylor
Yello Mobile,http://yellomobile.com, +82 822 591 6565,Board,CEO,Sanghyuk Lee
Yellow Brick Road,http://www.ybr.com.au, +61 404 133 953,Board,Executive Chairman,Mark Bouris
Yellow Cake,http://www.yellowcakeplc.com, +44 153 488 5200,Board,CEO & Director,Andre Liebenberg
Yellow New Zealand,http://www.ypg.co.nz, +64 800 803 803,N2,AU & NZ Print Fulfilment & S...,R...
Yellow Inc,http://www.myyellow.com, +1 913 696 6100,Board,CEO,Darren Hawkins
Yellow Hat,http://www.yellowhat.jp, +81 356 951 600,Board,Chairman,Yasuo Horie
Yellow Pages Group (YPG),http://www.corporate.yp.ca, +1 514 934 2611,Board,CEO,David Eckert
Yellow.ai,http://www.yellow.ai, +1 984 576 3632,Board,CEO,Raghu Ravinutala
Yellowbrick Data,http://www.yellowbrick.com, +1 877 492 3282,Board,CEO,Neil Carson
Yelo Bank,http://www.yelo.az, +994 129 812 000,Board,CEO,Anar Hasanov
Yellowstone Landscape,http://www.yellowstonelandscape.com, +1 713 462 8552,Board,CEO,Harry Lamberton
Yelp,http://www.yelp.com, +1 415 908 3801,Board,CEO & Director,Jeremy Stoppelman
Yendo,http://www.yendo.com, +1 212 433 3626,Board,CEO,Jordan Miller
Yeo Hiap Seng Malaysia,http://yeos.com.my, +60 3 5522 8000,N1,Quality Assurance & Manufact...,M...
Yenigun Construction,http://www.yenigun.com.tr, +90 312 468 2868,Board,CEO,Fikret Yenigun
Yeo Hiap Seng,http://www.yeos.com.sg, +65 6752 2122,Board,CEO,Yuh Hwang Ong
Yes Securities,http://www.yesinvest.in, +91 227 112 3123,Board,Co-CEO,Anshul Arzare
Yes Bank,http://www.yesbank.in, +91 226 669 9000,Board,CEO,Prashant Kumar
Yescare,http://www.yescarecorp.com, +1 800 729 0069,Board,CEO,Jeffrey Sholey
Yesco Holdings,http://www.yescoholdings.com/en/main, +82 233 903 010,Board,CEO,Koo Bon-Hyuck
Yesco,http://www.yesco.com, +1 801 464 4600,Board,CEO,Ryan Young
Yesware,http://www.yesware.com, +1 855 937 9273,Board,CEO,Joel Stevenson
YesVideo,http://www.yesvideo.com, +1 866 493 738,Board,CEO,Lisa McCabe
Yeti,http://www.yeti.com, +1 512 394 9384,Board,CEO,Matt Reintjes
Yettel Hungary,http://www.yettel.hu, +36 202 000 000,Board,CEO,Igor Prerovsky
Yettel Serbia,http://www.yettel.rs/en, +7 495 937 9588,Board,CEO,Mike Michel
Yettel Bulgaria,http://www.yettel.bg, +359 898 400 726,Board,CEO,Jason King
Yext,http://www.yext.com, +1 212 243 3581,Board,Chairman & CEO,Michael Walrath
YFM Equity Partners,http://www.yfmep.com, +44 113 294 5000,Board,Chairman of the Board,David Hall
YG Entertainment,http://www.ygfamily.com, +82 231 421 104,Board,CEO & Director,Min Seok Yang
YGM Trading,http://www.ygmtrading.com, +852 2320 0251,Board,CEO,Sin Yam Fu
YH Global,http://www.yhglobal.com, +86 6295 1753,Board,Chairman of the Board,Zhang Quan
Ygrene,http://ygrene.com, +1 559 657 283,N1,COO,Supriya Sachar
Yichang SanXia Pharmaceutical,http://www.sanxiapharm.com, +86 717 627 1831,Board,CEO,Wayne Zheng
Yield10 Bioscience,http://www.yield10bio.com, +1 617 583 1700,Board,CEO & Director,Oliver Peoples
Yida China Holdings,http://www.yidachina.com.cn, +86 411 8454 7680,Board,CEO & Chairman,Xiuwen Jiang
Yidian Zixun,http://yidianzixun.com, +86 185 1111 0758,Board,CEO,Xuyang Ren
Yield Engineering Systems,http://www.yieldengineering.com, +1 925 373 8353,Board,Chairman & CEO,Ramakanth Alapati
Yieldify,http://www.yieldify.com, +44 208 123 9918,Board,President,Mike Ng
Yifan Pharmaceutical,http://en.yifanyy.com, +86 571 6375 9205,Board,CEO & Chairman,Xianfeng Cheng
Yieldmo,http://yieldmo.com, +1 646 845 0800,Board,CEO,Michael Yavonditte
Yifeng Pharmacy Chain,http://www.yfdyf.com, +86 731 8995 3979,Board,CEO & Chairman,Yi Gao
YieldStreet,http://www.yieldstreet.com, +1 617320‐8770,Board,CEO,Michael Weisz
Yiguo.com,http://www.yiguo.com, +86 215 219 3087,Board,CEO,Zhang Ye
Yihaodian,http://www.yhd.com, +86 928 926 5250,Board,Chairman,Yu Gang
Yildiz,http://www.yildizholding.com.tr/en, +90 216 524 2900,Board,CEO,Mehmet Tutuncu
Yijiupi.com,http://www.yijiupi.com, +86 400 019 9197,Board,CEO,Shi Tao
Yihua Lifestyle Technology,http://www.yihualife.com, +86 754 8510 0989,Board,General Manager,Shunwu Wan
Yindu Kitchen Equipment,http://www.yinduchina.com, +86 571 8626 5988,Board,General Manager,Wenwei Zhu
Yimidida,http://www.yimidida.com, +86 216 976 2311,Board,CEO,Yang Xingyun
Ying Li International Real Estate,http://www.yingligj.com, +65 6334 9052,Board,Acting CEO,Chao Ren
Yingli Solar,http://www.yinglisolar.com, +86 312 892 9800,Board,Chairman & CEO,Liansheng Miao
Yingkou Port Liability,http://www.ykplc.com, +86 417 626 8506,Board,General Manager,Yingfeng Cao
Yip's Chemical,http://www.yipschemical.com, +852 2675 2288,Board,CEO & Director,Kwan Ip
Yintai Gold,http://www.ytr000975.com, +86 108 517 1770,Board,General Manager,Xingong Ou
Yinson,http://www.yinson.com.my, +60 7355 2244,Board,CEO,Chern Yuan Lim
Yipin Shengxian,http://www.ypshengxian.com, +86 551 6266149,Board,CEO,Shizhong Yang
YipitData,http://www.yipitdata.com, +1 212 340 8060,Board,CEO & Co-Founder,Vinicius Vacanti
YipTV,http://www.yiptv.com, +1 201 421 6127,Board,Director,Judith Aidoo
Yiren Digital,http://ir.yirendai.com, +86 105 236 2498,Board,Chairman & CEO,Ning Tang
Yixia,http://yixia.com, +86 106 482 8268,Board,CEO,Han Kun
Yitu Technology,http://www.yitutech.com, +86 216 151 7311,Board,CEO,Long Zhu
YIT,http://www.yitgroup.com, +358 2043 3111,Board,CEO,Heikki Vuorenmaa
YKK Corporation,http://www.ykk.com, +81 338 642 000,Board,President,Hiroaki Otani
YKK AP America,http://www.ykkap.com, +1 678 838 6000,Board,President,Oliver Stepe
YKK Machinery and Engineering Group,http://www.ykk.com/english/corporate/group/index.html, +81 765 548 365,Board,Managing Director,Fumio Ikeda
YKK Fastening Products Group,http://www.ykkfastening.com, +81 338 642 000,Board,General Manager,Koichi Matsushima
YL Ventures,http://www.ylventures.com, +1 415 692 1000,Board,Managing Partner,Yoav Leitersdorf
Yle,http://www.yle.fi, +358 914 801,Board,CEO,Merja Ylä-Anttila
Yo! Sushi,http://www.yosushi.com, +44 207 841 0700,Board,CEO,Richard Hodgson
Ymatou.com,http://www.ymatou.com, +86 215 697 3033,Board,CEO,Zeng Bibo
Ynsect,http://www.ynsect.com, +33 160 878 957,Board,CEO,Shankar Krishnamoorthy
Ymagis,http://www.ymagis.com, +33 175 448 888,Board,CEO & Chairman,Jean Mizrahi
Yoco,http://www.yoco.com/za/, +27 875 509 626,Board,CEO,Katlego Maphai
YOC Group,http://www.yoc.com, +49 307 261 620,Board,CEO,Dirk Kraus
Yodo1,http://www.yodo1.com, +86 105 112 0050,Board,Co-CEO,Henry Fong
Yodogawa Steel Works,http://yodoko.co.jp, +81 662 451 111,Board,President,Satoshi Nitta
Yodel,http://www.yodel.co.uk, +44 844 453 7443,Board,CEO,Mike Hancox
Yogiyo - RGP Korea,http://www.yogiyo.co.kr, +82 234 473 612,Board,CEO,Jewon Na
Yoh,http://www.yoh.com, +1 215 656 2650,Board,President,Emmett McGrath
Yokogawa Bridge,http://www.yokogawa-bridge.co.jp, +81 474 356 229,Board,President,Kazuhiko Takata
YogaWorks,http://yogaworks.com, +1 310 664 6470,Board,CEO,Logan Mulvey
Yogurtland,http://www.yogurt-land.com, +1 949 265 8000,Board,CEO,Phillip Chang
Yokohama Reito,http://www.yokorei.co.jp, +81 452 100 011,Board,President,Hiroyuki Matsubara
Yokogawa Electric,http://www.yokogawa.co.jp, +81 422 525 555,Board,CEO & Director,Hitoshi Nara
Yokohama Rubber,http://www.yrc.co.jp, +81 463 359 501,Board,President & Chairman,Masataka Yamaishi
Yokohama Off-Highway Tires,http://yokohama-oht.com, +972 4624 0520,Board,CEO,Nitin Mantri
Yokogawa Germany,http://www.yokogawa.com/de/, +49 210 249 830,Board,Managing Director,Andreas Helget
Yokohama TWS,http://yokohama-tws.com, +39 774 3841,Board,CEO (-> Dec 31 2024),Paolo Pompei
Yokowo,http://www.yokowo.co.jp, +81 339 163 111,Board,President,Takayuki Tokuma
Yoma Bank,http://www.yomabank.com, +95 137 0010,Board,CEO,U Ba Maung Sein
Yola,http://www.yola.com, +1 415 227 0250,Board,CEO,Brent Viljoen
Yokoy,http://www.yokoy.ai, +41 435 081 577,Board,CEO,Philippe Sahli
Yoma Strategic Holdings,http://www.yomastrategic.com, +65 6223 2262,Board,Chairman & CEO,Melvyn Pun
Yomeishu Seizo,http://www.yomeishu.co.jp, +81 334 628 111,Board,President,Taro Shiozawa
Yomiko Advertising,http://www.yomiko.co.jp/en, +81 335 898 111,Board,CEO,Hideyuki Kikuchi
Yomiuri Shimbun Group,http://www.yomiuri.co.jp, +81 332 421 111,Board,Editor-in-Chief,Tsuneo Watanabe
Yomiuri Land,http://yomiuriland.com, +81 120 782 031,Board,President & CEO,Takeshi Mizoguchi
Yondenko,http://www.yondenko.co.jp, +81 878 361 111,Board,President,Yukio Sekiya
Yondoshi Holdings,http://www.yondoshi.co.jp, +81 357 193 429,Board,President,Hidetoshi Masuda
Yonder,http://www.yondercard.com, +44 795 639 5181,Board,CEO,Tim Chong
Yondr Group,http://www.yondrgroup.com, +353 89 210 3639,Board,CEO,Paul Cossell
Yonekyu Corporation,http://www.yonekyu.co.jp, +81 559 225 321,Board,CEO,Shinji Horiuchi
Yongjin Technology,http://www.yjgf.com, +86 215 508 8305,Board,Chairman & General Manager,Chenjie Yu
Yonex,http://yonex.co.jp, +81 338 361 221,Board,President & CEO,Alyssa Yoneyama
Yongmao Holding,http://yongmaoholdings.com, +65 6636 3456,Board,CEO,Ruo Nan Tian
Yonghui Superstores,http://www.yonghui.cn, +86 591 8376 2200,Board,CEO & Director,Songfeng Li
Yongan Futures,http://www.yafco.com, +86 400 700 7878,Board,President,Huang Zhiming
Yongnam Holdings,http://www.yongnam.com.sg, +65 6758 1511,Board,CEO,Soon Yong Seow
Yongxing Materials,http://yongxingbxg.com, +86 572 2768605,Board,General Manager & Chairman,Xingjiang Gao
Yonyou Network Technology,http://www.yonyou.com, +86 400 660 0588,Board,President & Director,Qiangbing Chen
Yoobic,http://yoobic.com, +44 203 621 5233,Board,CEO,Fabrice Haiat
YooMoney,http://yoomoney.ru, +7 495 974 3586,Board,CEO,Ivan Glazachev
Yoplait,http://www.yoplait.fr, +33 170 194 200,Board,General Manager,Yves Legros
Yoox Net-a-Porter Group,http://www.ynap.com, +39 516 184 211,Board,Interim CEO,Alison Loehnis
York International Agency,http://www.yorkintl.com, +1 914 376 2200,Board,Chairman & CEO,Robert Kestenbaum
Yorbeau Resources,http://www.yorbeauresources.com, +1 514 384 2202,Board,CEO,Terry Kocisko
York City FC,http://yorkcityfootballclub.co.uk, +44 190 462 4447,Board,CEO,Alastair Smith
York Revolution,http://yorkrevolution.com, +1 717 801 4487,Board,President,Eric Menzer
York Telecom,http://www.yorktel.com, +1 732 413 6000,Board,CEO,Ron Gaboury
York Timber,http://www.york.co.za, +27 137 649 200,Board,CEO,Gerald Stoltz
York Water,http://www.yorkwater.com, +1 717 845 3601,Board,CEO,JT Hand
Yorkshire Building Society,http://www.ybs.co.uk, +44 148 171 0150,Board,CEO,Susan Allen
Yoshinoya Holdings,http://www.yoshinoya-holdings.com, +81 356 518 800,Board,CEO,Jon Gilliam
Yorlabs,http://www.yorlabs.com, +1 503 329 7321,Board,CEO & Director,Glen Mclaughlin
Yorkshire Water,http://www.yorkshirewater.com, +44 345 124 2424,Board,CEO,Nicola Shaw
Yossix,http://yossix.co.jp, +81 529 328 431,Board,Chairman of the Board & CEO,Masanari Yoshioka
Yorozu,http://www.yorozu-corp.co.jp, +81 455 436 800,Board,CEO & Chairman,Akihiko Shido
Yotpo,http://www.yotpo.com, +1 646 647 1776,Board,CEO,Tomer Tagrin
Yotai Refractories,http://www.yotai.co.jp, +81 724 302 101,Board,President,Mitsuo Taguchi
Yotrio,http://yotrio.com, +86 576 8595 6088,Board,President,Jianqiang Xie
Yotel,http://www.yotel.com, +44 207 100 8010,Board,CEO,Hubert Viriot
Yottaa,http://www.yottaa.com, +1 888 666 0576,Board,CEO,Mike Dickerson
YouAppi,http://www.youappi.com, +1 646 854 3390,Board,CEO,Moshe Vaknin
You.com,http://you.com, +1 415 579 3630,Board,CEO,Richard Socher
YouGov,http://yougov.co.uk, +44 207 354 9993,Board,CEO,Steve Hatch
You Move Me,http://www.youmoveme.com, +1 604 670 8636,Board,CEO,Josh Herron
YouFit Gyms,http://youfit.com, +1 160 350 8216,Board,CEO,Brian Vahaly
YouGov France,http://fr.yougov.com, +33 144 519 560,N1,General Manager,A...
YouGov Denmark,http://yougov.dk, +45 7027 2224,N1,CFO,Jan Hagelund
YouGov US,http://today.yougov.com, +1 650 462 8000,Board,CEO & Client,Ray Martin
Youi,http://www.youi.com.au, +61 130 085 2320,Board,CEO,Hugo Schreuder
Youku Tudou,http://www.youku.com, +86 105 885 1881,Board,Chairman & CEO,Victor Koo
YouMail,http://www.youmail.com, +1 626 968 6245,Board,CEO,Alex Quilici
Young & Co's Brewery,http://www.youngs.co.uk, +44 208 875 7000,Board,CEO,Simon Dodd
Younan Properties,http://www.younanproperties.com, +1 818 703 9600,Board,CEO & Chairman,Zaya Younan
Young Australian Mines,http://www.yamines.com.au, +61 732 100 113,Board,Chairman of the Board,Nelson Chen
Young Innovations,http://www.ydnt.com, +1 847 458 5400,Board,CEO,Kenneth Serota
Youngcapital,http://www.youngcapital.nl, +31 206 531 544,Board,CEO,Lauren Heijden
Young Living Essential Oils,http://www.youngliving.com/en_US, +1 801 418 8900,Board,CEO,Mary Young
Younger Optics,http://www.youngeroptics.com, +1 310 783 1533,Board,CEO,David Rips
Young's Market,http://www.youngsmarket.com, +1 714 368 4615,Board,CEO,Chris Underwood
Youngevity International,http://www.ygyi.com, +1 619 934 3980,Board,CEO & Chairman,Steve Wallach
Youngy,http://www.younergy.cn, +86 203 828 9256,Board,General Manager & Chairman,Xiang-Yang Lu
Youngor Group,http://www.youngor.com, +86 574 8826 5571,Board,President,Hongfeng Shao
Your Family Entertainment,http://www.yfe-ag.de, +49 899 972 710,Board,CEO,Stefan Piech
Younique,http://www.youniqueproducts.com, +1 844 821 8151,Board,CEO,Kristi Hubbard
Younited Credit,http://www.younited-credit.com, +33 674 590 617,Board,CEO,Charles Egly
Your Housing Group,http://www.yourhousinggroup.co.uk, +44 345 345 0272,Board,CEO,Jacque Allen
Yourgene Health,http://www.yourgene-health.com, +1 626 768 2580,Board,CEO & Director,Lyn Rees
Your Pie,http://yourpie.com, +1 757 502 7679,Board,CEO & Development,Ken Caldwell
YourBio Health,http://company.yourbiohealth.com, +1 617 547 7246,Board,Executive Chairman,Harry Wilcox
Your Part-Time Controller,http://www.yptc.com, +1 215 670 2010,Board,CEO,Jennifer Alleva
YourParkingSpace,http://yourparkingspace.co.uk, +44 333 939 8782,Board,CEO,Brannan Coady
Yours Clothing,http://www.yoursclothing.co.uk, +44 844 820 4204,Board,CEO,Andrew Killingsworth
Youth Enrichment Brands,http://www.yeb.com, +1 800 645 3226,Board,CEO,Justin Hoeveler
Youtap Indonesia,http://www.youtap.id, +62 150 0523,Board,CEO,Herman Suharto
Youtap,http://www.youtap.com, +1 415 874 3327,Board,CEO,Chris Jones
YouTrip,http://www.you.co, +65 6904 9334,Board,CEO,Caecilia Chu
YouTube,http://www.youtube.com, +1 650 253 0000,Board,CEO,Neal Mohan
Youzu Interactive,http://yoozoo.com, +86 213 367 6512,Board,President,Chen Libiao
YouView TV,http://www.youview.com, +44 20 33557955,Board,CEO,Riccardo Balestiero
YouXia Motors,http://www.youxiamotors.com, +86 216 416 1836,Board,CEO,Xiuyuan Huang
YPF,http://www.ypf.com, +54 114 329 2000,Board,CEO & Chairman,Horacio Marín
YPFB,http://www.ypfb.gob.bo, +591 2217 6300,Board,CEO,Oscar Barriga Arteaga
YPFB Transporte,http://ypfbtransporte.com, +591 3356 6000,Board,General Manager,Katya Kuscevic
YPFB Chaco,http://www.ypfbchaco.com.bo, +591 3345 3700,Board,General Manager,José Edgar Sagárnaga M...
YPFB Andina,http://ypfb-andina.com.bo, +591 3371 3000,Board,General Manager,Mario Salazar Gonzalez
YPrime,http://www.yprime.com, +1 862 288 0329,Board,CEO,Jim Corrigan
YSC,http://www.ysc.com, +44 131 228 7940,Board,CEO,Eric Pliner
YRC Freight,http://www.yrc.com, +1 913 696 6100,Board,CEO,Raed Abubaker
Ysios Capital,http://ysioscapital.com, +34 935 173 545,Board,Co-Managing Partner,Joël Jean-Mairet
Ypsomed,http://www.ypsomed.com, +41 344 244 111,Board,CEO,Simon Michel
Ytech International,http://ytech.com, +1 305 329 1483,Board,CEO,Yamal Yidios
YSL EMEA,http://www.ysl.com/en-en, +44 203 318 5920,Board,President,Cayetano Fabry
Ytel,http://www.ytel.com, +1 800 382 4913,Board,CEO,Nick Newsom
YTL Corporation,http://ytl.com, +60 321 426 633,Board,Managing Director,Seok Kian Yeoh
YSL,http://www.ysl.com, +33 156 626 572,Board,CEO,Francesca Bellettini
YTO Express Group,http://www.yto.net.cn, +86 411 8755 5199,Board,President,Shuimiao Pan
Yuanda China,http://www.yuandacn.com, +86 242 527 1602,Board,CEO,Hongren Li
Yuan Longping High-Tech,http://www.lpht.com.cn, +86 731 8218 3111,Board,President,Dehua Ma
YTL Power,http://www.ytlpowerinternational.com, +60 321 170 088,Board,Executive Chairman of the Bo...,Sock Ping Yeoh
YTO Express,http://www.yto.net.cn, +86 216 977 7888,Board,Chairman of the Board,Weijiao Yu
Yuanta Futures,http://www.yuanta.com/EN/Yuanta-Group/Futures, +886 227 176 000,Board,President,Kuo Tsun Hsu
Yuanta Bank,http://www.yuantabank.com.tw, +886 221 736 699,Board,Chairman of the Board,Ming Hsiu Tsai
Yuanfudao,http://www.yuanfudao.com, +86 400 078 9100,Board,CEO,Yong Li
Yuanta Financial,http://www.yuanta.com, +886 225 865 859,Board,President,Chien Weng
Yuanta Asset Management,http://www.yuanta.com/EN/Yuanta-Group/AMC, +886 221 736 655,Board,President,Allen Lin
Yuanta Life,http://www.yuantalife.com.tw, +886 227 517 578,Board,President,Connie Lin
Yuanta Securities,http://www.yuanta.com.tw, +886 227 181 234,Board,President & Director,Bobby Hwang
Yuanxing Energy,http://yuanxing.com, +86 477 813 9873,Board,General Manager,Zhao Hui Sun
Yuanta Securities Investment Consulting,http://www.yuanta.com/EN/Yuanta-Group/Investment-Consulting, +886 287 706 078,Board,Chairman of the Board,Christine Hu
Yuanta Venture Capital,http://www.yuanta.com/EN/Yuanta-Group/VC, +886 221 736 633,Board,President,Chun Hao Peng
Yuasa Battery,http://www.yuasathai.com, +66 2769 7300,Board,CEO,Tsunori Yoshimura
Yuasa Funashoku,http://www.y-f.co.jp, +81 474 331 211,Board,President,Tomoyuki Yamada
Yuasa Trading,http://www.yuasa.co.jp, +81 336 656 511,Board,President & Director,Hiroyuki Tamura
Yubi,http://www.go-yubi.com, +91 444 007 4800,Board,CEO,Gaurav Kumar
Yubico,http://www.yubico.com, +1 844 205 6787,Board,CEO,Mattias Danielsson
Yudu.com,http://www.yudu.com, +44 207 430 6616,Board,CEO,Richard Stephenson
Yue Yuen Industrial,http://www.yueyuen.com, +852 3183 0888,Board,Executive Chairman,Chin Chu Lu
Yuetai Group,http://www.yuetai-group.com, +86 208 739 7172,Board,President,Shuo Yang
Yuexiu Financial Holdings,http://www.yuexiu-finance.com, +86 208 883 6888,Board,General Manager,Xiaomin Yang
Yucca Solutions,http://www.yuccasolutions.com, +41 219 250 420,Board,General Manager,Prakash Rodrigues
Yuexiu Transport Infrastructure,http://www.yuexiutransportinfrastructure.com, +852 2865 2205,Board,General Manager,Baiqing He
Yuexiu Property,http://www.yuexiuproperty.com, +852 2593 2326,Board,General Manager,Huisong Zhu
Yuga Labs,http://www.yugalabs.io, +1 650 798 5800,Board,CEO,Greg Solano
Yuexiu Reit Asset Management,http://www.yuexiureit.com, +852 3607 1888,Board,CEO & Chairman,Deliang Lin
Yugabyte,http://www.yugabyte.com, +1 833 984 2298,Board,Co-CEO,Kannan Muthukkaruppan
Yuki Gosei Kogyo,http://www.yuki-gosei.co.jp, +81 336 643 980,Board,CEO & Director,Seiichiro Matsumoto
Yugo,http://yugo.com/en-us, +1 303 300 9028,Board,Founder,Nicholas Porter
Yuken Kogyo,http://www.yuken.co.jp, +81 467 772 111,Board,President,Hideharu Nagahisa
Yukiguni Maitake,http://www.maitake.co.jp, +81 257 780 111,Board,CEO,Masafumi Yuzawa
Yukon Energy,http://www.yukonenergy.ca, +1 867 393 5300,Board,CEO,Chris Milner
Yulex,http://www.yulex.com, +1 602 438 4053,Board,CEO,Liz Bui
YuLife,http://www.yulife.com, +44 203 870 2604,Board,CEO,Sammy Rubin
Yuksel Insaat Saudia,http://www.yukselinsaatsaudia.com, +966 1293 5148,Board,General Manager,Ahmet Halavuk
Yuksel Insaat,http://www.yuksel.net, +90 312 284 2545,Board,President,Bülent Gungor
Yuksel Holding,http://yukselholding.net, +90 312 284 2545,Board,Chairman of the Board,Emin Sazak
Yulon Motor,http://www.yulon-motor.com.tw, +886 3787 1801,Board,President,Chen-Hsiang Yao
Yulu,http://www.yulu.bike, +1 574 869 3521,Board,CEO,Amit Gupta
Yum! Brands,http://www.yum.com, +1 502 874 8300,Board,CEO,David Gibbs
Yunari,http://createrestaurants.com/en/group/?controller=FrontGroup&action=detail&id=22, +81 368 538 102,Board,CEO,Ken Kojima
Yum China,http://yumchina.com/En, +86 212 407 7777,Board,CEO,Joey Wat
Yuneng Technology,http://www.apsystems.cn, +86 573 8398 6968,Board,CEO,Zhi Min Ling
Yunda Express,http://www.yundaex.com, +86 213 929 1355,Board,Co-Chairman & CEO,Yun Nie Teng
Yuneec International,http://www.yuneec.com, +86 400 8207 50,Board,CEO,Hao Jiang
Yunfeng Financial Group,http://www.yff.com, +852 2843 1488,Board,CEO,Fang Lin
Yunnan Aluminium,http://ylgf.chinalco.com.cn, +86 871 6745 5668,Board,General Manager,Guowei Li
Yunnan Baiyao Group,http://www.yunnanbaiyao.com.cn, +86 871 832 4198,Board,CEO & Chairman,Ming Dong
Yunnan Chihong Zinc & Germanium,http://www.chxz.com, +86 874 896 6698,Board,Chairman of the Board,Qing Chen
Yunnan Copper,http://ynty.chinalco.com.cn, +86 871 6310 6739,Board,General Manager & Vice Chair...,Chengyu Sun
Yunnan Bethany Biotechnology Group,http://www.botanee.com.cn, +86 400 887 0160,Board,CEO & Chairman,Zhen Yu Guo
Yunnan Energy New Material,http://www.cxxcl.cn, +86 877 888 8677,Board,General Manager,Xiaohua Li
Yunnan Tin,http://www.ytl.com.cn, +86 873 311 8606,Board,Chairman & General Manager,Luke Liu
YunQuNa,http://www.yunquna.com, +86 216 126 0445,N1,Operations,A...
Yuntianhua Group,http://www.yth.cn, +86 871 662 4631,Board,General Manager,Jun Hu
Yunnan Provincial Energy Investment Group,http://www.yeigi.com, +86 852 3955 0625,Board,CEO,Zhu Yingxue
Yunnan Yuntianhua,http://www.yyth.com.cn, +86 871 6432 7127,Board,General Manager & Director,Zhouquan Cui
YunXueTang,http://www.yxt.com, +86 400 928 6900,Board,President,Jane Ding
Yunus Textile Mills,http://www.yunustextile.com, +92 213 508 1305,Board,CEO,Hassan Tabba
Yurtici Kargo,http://www.yurticikargo.com, +90 212 365 2365,Board,CEO,Fatih Önyol
YuppTV,http://www.yupptv.com, +1 678 242 5212,Board,CEO,Uday Reddy
Yurtec,http://www.yurtec.co.jp, +81 222 962 111,Board,President & CEO,Yoshiharu Ota
Yurun Group,http://www.yurun.com, +86 255 227 7000,Board,Chairman & CEO,Yicai Zhu
Yushiro Chemical Industry,http://www.yushiro.co.jp, +81 337 503 100,Board,President,Masanori Arisaka
Yushin Precision Equipment,http://www.ype.co.jp, +81 759 339 555,Board,President,Takayo Kotani
Yusuf Bin Ahmed Kanoo,http://kanoo.com, +971 4393 3633,Board,CEO,Maarten Geeraerts
Yusen Logistics,http://www.yusen-logistics.com, +81 367 038 111,Board,CEO & Chairman,Toru Kamiyama
Yuyu Pharma,http://www.yuyu.co.kr/en, +82 222 536 600,Board,CEO,Robert Wonsang
Yves Rocher,http://www.yves-rocher.fr, +33 805 023 040,Board,CEO,Guillaume Darrousez
Yutong Group,http://www.yutong.com, +86 371 6671 8999,Board,President & Chairman,Yuxiang Tang
Yuzhou Properties,http://www.yuzhou-group.com, +852 2508 1718,Board,CEO & Chairman,Kwok Ying Lan
Yuu Rewards,http://www.yuurewards.com, +852 2299 1888,N1,COO,Dan Healy
YVR,http://www.yvr.ca, +1 604 207 7077,Board,CEO,Tamara Vrooman
